x,y,z,qx,qy,qz,qw
4.743921443724167,-0.16935329168366456,0.3195093200089655,-0.0,0.8896642,2.2359322e-05,0.4566153